{
    "schema": {
        "model": "SeaWaybill",
        "type": "object",
        "properties": {
            "seaWaybill": {
                "$ref": "#/definitions/SeaWaybill"
            }
        },
        "definitions": {
            "Address": {
                "type": "object",
                "properties": {
                    "street": {
                        "description": "A name, expressed as text, of a street or thoroughfare.",
                        "type": "string"
                    },
                    "city": {
                        "description": "The name, expressed as text, of the city, town or village of this address.",
                        "type": "string"
                    },
                    "state": {
                        "description": "The name, expressed as text, of the state of this address.",
                        "type": "string"
                    },
                    "country": {
                        "description": "A unique country identifier for this party.",
                        "type": "string",
                        "enum": [
                            "AD",
                            "AE",
                            "AF",
                            "AG",
                            "AI",
                            "AL",
                            "AM",
                            "AO",
                            "AQ",
                            "AR",
                            "AS",
                            "AT",
                            "AU",
                            "AW",
                            "AX",
                            "AZ",
                            "BA",
                            "BB",
                            "BD",
                            "BE",
                            "BF",
                            "BG",
                            "BH",
                            "BI",
                            "BJ",
                            "BL",
                            "BM",
                            "BN",
                            "BO",
                            "BQ",
                            "BR",
                            "BS",
                            "BT",
                            "BV",
                            "BW",
                            "BY",
                            "BZ",
                            "CA",
                            "CC",
                            "CD",
                            "CF",
                            "CG",
                            "CH",
                            "CI",
                            "CK",
                            "CL",
                            "CM",
                            "CN",
                            "CO",
                            "CR",
                            "CU",
                            "CV",
                            "CW",
                            "CX",
                            "CY",
                            "CZ",
                            "DE",
                            "DJ",
                            "DK",
                            "DM",
                            "DO",
                            "DZ",
                            "EC",
                            "EE",
                            "EG",
                            "EH",
                            "ER",
                            "ES",
                            "ET",
                            "FI",
                            "FJ",
                            "FK",
                            "FM",
                            "FO",
                            "FR",
                            "GA",
                            "GB",
                            "GD",
                            "GE",
                            "GF",
                            "GG",
                            "GI",
                            "GL",
                            "GM",
                            "GN",
                            "GP",
                            "GQ",
                            "GR",
                            "GS",
                            "GT",
                            "GU",
                            "GW",
                            "GY",
                            "HK",
                            "HM",
                            "HN",
                            "HR",
                            "HT",
                            "HU",
                            "ID",
                            "IE",
                            "IL",
                            "IM",
                            "IN",
                            "IO",
                            "IQ",
                            "IR",
                            "IS",
                            "IT",
                            "JE",
                            "JM",
                            "JO",
                            "JP",
                            "KE",
                            "KG",
                            "KH",
                            "KI",
                            "KM",
                            "KN",
                            "KP",
                            "KR",
                            "KW",
                            "KY",
                            "KZ",
                            "LA",
                            "LB",
                            "LC",
                            "LI",
                            "LK",
                            "LR",
                            "LS",
                            "LT",
                            "LU",
                            "LV",
                            "LY",
                            "MA",
                            "MC",
                            "MD",
                            "ME",
                            "MF",
                            "MG",
                            "MH",
                            "MK",
                            "ML",
                            "MM",
                            "MN",
                            "MO",
                            "MP",
                            "MQ",
                            "MR",
                            "MS",
                            "MT",
                            "MU",
                            "MV",
                            "MW",
                            "MX",
                            "MY",
                            "MZ",
                            "NA",
                            "NC",
                            "NE",
                            "NF",
                            "NG",
                            "NI",
                            "NL",
                            "NO",
                            "NP",
                            "NR",
                            "NU",
                            "NZ",
                            "OM",
                            "PA",
                            "PE",
                            "PF",
                            "PG",
                            "PH",
                            "PK",
                            "PL",
                            "PM",
                            "PN",
                            "PR",
                            "PS",
                            "PT",
                            "PW",
                            "PY",
                            "QA",
                            "RE",
                            "RO",
                            "RS",
                            "RU",
                            "RW",
                            "SA",
                            "SB",
                            "SC",
                            "SD",
                            "SE",
                            "SG",
                            "SH",
                            "SI",
                            "SJ",
                            "SK",
                            "SL",
                            "SM",
                            "SN",
                            "SO",
                            "SR",
                            "SS",
                            "ST",
                            "SV",
                            "SX",
                            "SY",
                            "SZ",
                            "TC",
                            "TD",
                            "TF",
                            "TG",
                            "TH",
                            "TJ",
                            "TK",
                            "TL",
                            "TM",
                            "TN",
                            "TO",
                            "TR",
                            "TT",
                            "TV",
                            "TW",
                            "TZ",
                            "UA",
                            "UG",
                            "UM",
                            "US",
                            "UY",
                            "UZ",
                            "VA",
                            "VC",
                            "VE",
                            "VG",
                            "VI",
                            "VN",
                            "VU",
                            "WF",
                            "WS",
                            "YE",
                            "YT",
                            "ZA",
                            "ZM",
                            "ZW",
                            "OA",
                            "OB",
                            "OC",
                            "OD",
                            "OE",
                            "OF",
                            "OG",
                            "OZ"
                        ]
                    },
                    "postcode": {
                        "description": "A code specifying the postcode of the address.",
                        "type": "string"
                    }
                },
                "required": [
                    "street",
                    "city",
                    "state",
                    "country"
                ]
            },
            "CargoInformation": {
                "type": "object",
                "properties": {
                    "text": {
                        "description": "Textual cargo information.",
                        "type": "string"
                    },
                    "type": {
                        "description": "Type of cargo information. ",
                        "type": "string",
                        "enum": [
                            "goodsDescription",
                            "dangerousGoodsAdditionalInformation",
                            "dangerousGoodsTechnicalName",
                            "hazardInformation",
                            "temperatureControlInstructions",
                            "equipmentComments"
                        ]
                    }
                }
            },
            "Carrier": {
                "type": "object",
                "properties": {
                    "carrierCode": {
                        "description": "SCAC code.",
                        "type": "string"
                    },
                    "name": {
                        "description": "Carrier name. ",
                        "type": "string"
                    },
                    "taxId": {
                        "description": "Carrier''s tax identification. ",
                        "type": "string"
                    },
                    "address": {
                        "$ref": "#/definitions/Address"
                    },
                    "contactDetails": {
                        "$ref": "#/definitions/Communication"
                    }
                },
                "required": [
                    "carrierCode",
                    "name"
                ]
            },
            "Charges": {
                "type": "object",
                "properties": {
                    "chargeCode": {
                        "description": "The unique identifier for this logistics service charge.",
                        "type": "string"
                    },
                    "chargeText": {
                        "description": "A textual description of this logistics service charge.",
                        "type": "string"
                    },
                    "rate": {
                        "description": "Per unit rate. ",
                        "type": "number"
                    },
                    "calculationBasis": {
                        "description": "The code specifying a basis on which this service charge is to be calculated such as by volume or per unit.",
                        "type": "string"
                    },
                    "currency": {
                        "description": "Charge currency. ",
                        "type": "string"
                    },
                    "paymentTerm": {
                        "description": "Charge payment term.",
                        "type": "string",
                        "enum": [
                            "prepaid",
                            "collect"
                        ]
                    },
                    "amount": {
                        "description": "A monetary value applied to this logistics service charge.",
                        "type": "number"
                    },
                    "freightPayableAt": {
                        "description": "Charge receiver. ",
                        "type": "string"
                    },
                    "invoicePartyRef": {
                        "description": "Reference to the invoice party. ",
                        "type": "string"
                    },
                    "rateReference": {
                        "description": "Reference on the charge rate.",
                        "type": "string"
                    }
                }
            },
            "Communication": {
                "type": "object",
                "properties": {
                    "telephone": {
                        "description": "Telephone number.",
                        "type": "string"
                    },
                    "fax": {
                        "description": "Fax number. ",
                        "type": "string"
                    },
                    "email": {
                        "description": "Email address.",
                        "type": "string"
                    },
                    "contactName": {
                        "description": "Name of contact person. ",
                        "type": "string"
                    }
                }
            },
            "Consignee": {
                "type": "object",
                "properties": {},
                "allOf": [
                    {
                        "$ref": "#/definitions/Party"
                    },
                    {
                        "type": "object"
                    }
                ]
            },
            "Consignment": {
                "type": "object",
                "properties": {
                    "departureDate": {
                        "description": "Date and time of departure. ",
                        "type": "string",
                        "format": "date-time"
                    },
                    "serviceMode": {
                        "description": "The scope of the consignment, such as CY-CY or SD-SD.",
                        "type": "string"
                    },
                    "transportEquipmentQuantity": {
                        "description": "A number of pieces of transport equipment, such as containers or similar unit load devices, in this consignment.",
                        "type": "number"
                    },
                    "cargoInformation": {
                        "items": {
                            "$ref": "#/definitions/CargoInformation"
                        },
                        "type": "array"
                    },
                    "carrier": {
                        "$ref": "#/definitions/Carrier"
                    },
                    "charges": {
                        "items": {
                            "$ref": "#/definitions/Charges"
                        },
                        "type": "array"
                    },
                    "consignee": {
                        "$ref": "#/definitions/Consignee"
                    },
                    "consignmentItems": {
                        "items": {
                            "$ref": "#/definitions/ConsignmentItem"
                        },
                        "type": "array",
                        "minItems": 1
                    },
                    "consignor": {
                        "$ref": "#/definitions/Consignor"
                    },
                    "mainCarriageTransportMovement": {
                        "items": {
                            "$ref": "#/definitions/TransportMovement"
                        },
                        "type": "array"
                    },
                    "notifyParties": {
                        "items": {
                            "$ref": "#/definitions/NotifyParty"
                        },
                        "type": "array"
                    },
                    "otherParties": {
                        "items": {
                            "$ref": "#/definitions/OtherParty"
                        },
                        "type": "array"
                    },
                    "placeOfDelivery": {
                        "$ref": "#/definitions/Location"
                    },
                    "placeOfPrecarriage": {
                        "$ref": "#/definitions/Location"
                    },
                    "placeOfReceipt": {
                        "$ref": "#/definitions/Location"
                    },
                    "portOfDischarge": {
                        "$ref": "#/definitions/Location"
                    },
                    "portOfLoading": {
                        "$ref": "#/definitions/Location"
                    },
                    "utilizedTransportEquipment": {
                        "items": {
                            "$ref": "#/definitions/TransportEquipment"
                        },
                        "type": "array"
                    }
                },
                "required": [
                    "carrier",
                    "consignee",
                    "consignmentItems",
                    "consignor"
                ]
            },
            "ConsignmentItem": {
                "type": "object",
                "properties": {
                    "sequence": {
                        "description": "The sequence number for this consignment item.",
                        "type": "number"
                    },
                    "information": {
                        "description": "Information, expressed as text, for this consignment item.",
                        "type": "string"
                    },
                    "codeType": {
                        "description": "The cargo code type of consignment item. \nhttps://service.unece.org/trade/untdid/d00a/tred/tred7143.htm",
                        "type": "string",
                        "enum": [
                            "harmonizedSystem",
                            "stockKeepingUnit",
                            "purchaseOrder",
                            "cargoSpecificationNumber",
                            "vehicleIdentificationNumber"
                        ]
                    },
                    "codeValue": {
                        "description": "missing description",
                        "type": "string"
                    },
                    "equipmentStuffing": {
                        "items": {
                            "$ref": "#/definitions/Stuffing"
                        },
                        "type": "array"
                    },
                    "grossVolume": {
                        "items": {
                            "$ref": "#/definitions/Volume"
                        },
                        "type": "array"
                    },
                    "grossWeight": {
                        "items": {
                            "$ref": "#/definitions/Weight"
                        },
                        "type": "array"
                    },
                    "transportPackages": {
                        "$ref": "#/definitions/TransportPackage"
                    }
                }
            },
            "Consignor": {
                "type": "object",
                "properties": {},
                "allOf": [
                    {
                        "$ref": "#/definitions/Party"
                    },
                    {
                        "type": "object"
                    }
                ]
            },
            "Document": {
                "type": "object",
                "properties": {
                    "originatorName": {
                        "description": "The proper name (human readable) of the entity that published this event.",
                        "type": "string"
                    },
                    "originatorId": {
                        "description": "The party identification code (i.e. SCAC) of the organization publishing the event.",
                        "type": "string"
                    },
                    "issue": {
                        "description": "A date, time, date time or other date time value for an issuance of this document.",
                        "type": "string",
                        "format": "date-time"
                    },
                    "originalIssued": {
                        "description": "The number of originals issued for this document.",
                        "type": "number"
                    },
                    "copyIssued": {
                        "description": "The number of copies issued for this document.",
                        "type": "number"
                    },
                    "placeOfIssue": {
                        "$ref": "#/definitions/Location"
                    },
                    "references": {
                        "items": {
                            "$ref": "#/definitions/Reference"
                        },
                        "type": "array"
                    }
                }
            },
            "Location": {
                "type": "object",
                "properties": {
                    "name": {
                        "description": "A name, expressed as text, of this logistics related location.",
                        "type": "string"
                    },
                    "UNLocode": {
                        "description": "United Nations Location Code (UNLOCODE) unique identifier for logistics related location. ",
                        "type": "string"
                    },
                    "printedLocation": {
                        "description": "The location exactly as printed on the document.",
                        "type": "string"
                    }
                }
            },
            "NotifyParty": {
                "type": "object",
                "properties": {},
                "allOf": [
                    {
                        "$ref": "#/definitions/Party"
                    },
                    {
                        "type": "object"
                    }
                ]
            },
            "OtherParty": {
                "type": "object",
                "properties": {
                    "partyType": {
                        "description": "Type of party. ",
                        "type": "string",
                        "enum": [
                            "exporter",
                            "importer",
                            "origin3PL",
                            "destination3PL",
                            "seller",
                            "buyer",
                            "exportCustomsBroker",
                            "importCustomsBroker",
                            "requestParty",
                            "buyersBank",
                            "sellersBank",
                            "insuranceProvider",
                            "oceanCarrier",
                            "transportServiceBuyer",
                            "transportServiceIntermediary",
                            "railOperator",
                            "truckOperator",
                            "bargeOperator",
                            "feederOperator",
                            "originMaritimeTerminal",
                            "destinationMarineTerminal",
                            "transhipmentTerminal",
                            "inlandTerminal",
                            "portCommunitySystem",
                            "exportAuthority",
                            "importAuthority"
                        ]
                    }
                },
                "allOf": [
                    {
                        "$ref": "#/definitions/Party"
                    },
                    {
                        "type": "object"
                    }
                ]
            },
            "Party": {
                "type": "object",
                "properties": {
                    "name": {
                        "description": "A name, expressed as text, for this party.",
                        "type": "string"
                    },
                    "printedParty": {
                        "description": "The party name and address exactly as printed on the document.",
                        "type": "string"
                    },
                    "registeredForVAT": {
                        "description": "VAT registration indicator. ",
                        "type": "boolean"
                    },
                    "taxReference": {
                        "description": "Tax identification of the party.",
                        "type": "string"
                    },
                    "partyRef": {
                        "description": "Reference which represents the party.",
                        "type": "string"
                    },
                    "organizationId": {
                        "description": "Unique identifier of the party. ",
                        "type": "string"
                    },
                    "address": {
                        "$ref": "#/definitions/Address"
                    },
                    "communicationDetails": {
                        "$ref": "#/definitions/Communication"
                    }
                }
            },
            "Reference": {
                "type": "object",
                "properties": {
                    "type": {
                        "description": "Type of reference. ",
                        "type": "string",
                        "enum": [
                            "proformaInvoiceNumber",
                            "deliveryScheduleNumber",
                            "consigneeShipmentReferenceNumber",
                            "despatchNoteNumber",
                            "customsTariffNumber",
                            "customsDecisionRequestNumber",
                            "subHouseBillOfLadingNumber",
                            "customsGuaranteeNumber",
                            "sellersCatalogueNumber",
                            "declarantsCustomsIdentityNumber",
                            "importerReferenceNumber",
                            "customsDeclarationNumber",
                            "stockKeepingUnitNumber",
                            "adviceOfCollectionNumber",
                            "railwayWagonNumber",
                            "buyersItemNumber",
                            "customsHouseBrokerReferenceNumber",
                            "reportNumber",
                            "traderAccountNumber",
                            "governmentAgencyReferenceNumber",
                            "regristrationNumberOfPreviousCustomsDeclaration",
                            "productReservationNumber",
                            "customsItemNumber",
                            "tariffNumber",
                            "replenishmentPurchaceOrderNumber",
                            "contractPartyReferenceNumber",
                            "agentsReferenceNumber",
                            "deliveryVerificationCertificate",
                            "customsReleaseCode",
                            "complianceCodeNumber",
                            "ministerialCertificateOfHomologation",
                            "banksCommonTransactionReferenceNumber",
                            "customsTranshipmentNumber",
                            "vehicleIdentificationNumber",
                            "replenishmentPurchaseOrderRangeStartNumber",
                            "consigneesInvoiceNumber",
                            "replenishmentPurchaseOrderRangeEndNumber",
                            "buyersCatalogueNumber",
                            "inlandTransportOrderNumber",
                            "consigneesReference",
                            "usCustomsServiceEntryCode",
                            "transportEquipmentReleaseOrderReference",
                            "importersLetterOfCreditReference",
                            "customsBindingRulingNumber",
                            "customsNonBindingRulingNumber",
                            "uniqueGoodsShipmentIdentifier",
                            "rateCodeNumber",
                            "airWaybillNumber",
                            "buyersContractNumber",
                            "houseBillOfLadingNumber",
                            "billOfLadingNumber",
                            "bookingReferenceNumber",
                            "consigneesOrderNumber",
                            "carriersReferenceNumber",
                            "contractNumber",
                            "buyersDebtorNumber",
                            "exportDeclaration",
                            "exportPermitNumber",
                            "containerEquipmentReceiptNumber",
                            "exportersReferenceNumber",
                            "exportLicenceNumber",
                            "freightForwardersReferenceNumber",
                            "governmentReferenceNumber",
                            "harmonizedSystemNumber",
                            "houseWaybillNumber",
                            "inBondNumber",
                            "iataCargoAgentCodeNumber",
                            "importLicenceNumber",
                            "invoiceNumber",
                            "letterOfCreditNumber",
                            "shipNoticeManifestNumber",
                            "masterBillOfLadingNumber",
                            "manufacturersPartNumber",
                            "manufacturersOrderNumber",
                            "masterAirWaybillNumber",
                            "northAmericanHazardousGoodsClassificationNumber",
                            "purchaseOrderNumber",
                            "generalReferenceNumber",
                            "pickupReferenceNumber",
                            "plantNumber",
                            "packingListNumber",
                            "purchaseOrderResponseNumber",
                            "purchaseOrderChangeNumber",
                            "paymentReference",
                            "priceQuoteNumber",
                            "shippersIdentifyingNumberForShipment",
                            "sealNumber",
                            "shipmentReferenceNumber",
                            "sellersReferenceNumber",
                            "truckersBillOfLading",
                            "transactionReferenceNumber",
                            "orderNumber",
                            "warehouseEntryNumber",
                            "warehouseReceiptNumber",
                            "warehouseStorageLocationNumber",
                            "cargoControlNumber",
                            "previousCargoControlNumber",
                            "mutuallyDefinedReferenceNumber",
                            "billOfLadingReference"
                        ]
                    },
                    "value": {
                        "description": "Reference value. ",
                        "type": "string"
                    }
                }
            },
            "Seal": {
                "type": "object",
                "properties": {
                    "type": {
                        "description": "Description specifying the type of logistics seal.",
                        "type": "string"
                    },
                    "identifier": {
                        "description": "A unique identifier for this logistics seal.",
                        "type": "string"
                    }
                }
            },
            "SeaWaybill": {
                "type": "object",
                "properties": {},
                "allOf": [
                    {
                        "$ref": "#/definitions/TransportDocument"
                    },
                    {
                        "type": "object"
                    }
                ]
            },
            "Stuffing": {
                "type": "object",
                "properties": {
                    "equipmentNumber": {
                        "description": "Unique identifier of the transport equipment in which cargo is stuffed. ",
                        "type": "string"
                    },
                    "stuffedGrossVolume": {
                        "items": {
                            "$ref": "#/definitions/Volume"
                        },
                        "type": "array"
                    },
                    "stuffedGrossWeight": {
                        "items": {
                            "$ref": "#/definitions/Weight"
                        },
                        "type": "array"
                    },
                    "stuffedTransportPackages": {
                        "items": {
                            "$ref": "#/definitions/TransportPackage"
                        },
                        "type": "array"
                    }
                }
            },
            "TransportDocument": {
                "type": "object",
                "properties": {
                    "shippedOnBoardDate": {
                        "description": "Date when the cargo was shipped on board. ",
                        "type": "string",
                        "format": "date-time"
                    },
                    "billOfLadingNumber": {
                        "description": "Bill of lading number of the transport document. ",
                        "type": "string"
                    },
                    "bookingNumber": {
                        "items": {
                            "description": "Booking number(s). ",
                            "type": "string"
                        },
                        "type": "array"
                    },
                    "information": {
                        "items": {
                            "$ref": "#/definitions/TransportDocumentInformation"
                        },
                        "type": "array"
                    }
                },
                "allOf": [
                    {
                        "$ref": "#/definitions/Document"
                    },
                    {
                        "type": "object"
                    },
                    {
                        "$ref": "#/definitions/Consignment"
                    },
                    {
                        "type": "object"
                    }
                ],
                "required": [
                    "billOfLadingNumber"
                ]
            },
            "TransportDocumentInformation": {
                "type": "object",
                "properties": {
                    "text": {
                        "description": "Textual transport document information. ",
                        "type": "string"
                    },
                    "type": {
                        "description": "Type of transport document information. ",
                        "type": "string",
                        "enum": [
                            "generalInformation",
                            "billOfLadingRemarks",
                            "termsAndConditions",
                            "billOfLadingClause",
                            "transportDocumentRemarks",
                            "specialRoutingInstructions"
                        ]
                    }
                }
            },
            "TransportEquipment": {
                "type": "object",
                "properties": {
                    "equipmentNumber": {
                        "description": "Unique identifier for this piece of transport equipment, printed physically on the equipment.",
                        "type": "string"
                    },
                    "equipmentType": {
                        "description": "ISO 6346 size and type code (for example \"45G1\")",
                        "type": "string"
                    },
                    "printedEquipmentType": {
                        "description": "The container size and type, as printed on the transport document (for example \"40 DRY 9''6\").",
                        "type": "string"
                    },
                    "code": {
                        "items": {
                            "description": "The harmonized system code specifying a type of loaded consignment item(s).",
                            "type": "string"
                        },
                        "type": "array"
                    },
                    "equipmentGrossWeight": {
                        "$ref": "#/definitions/Weight"
                    },
                    "seals": {
                        "items": {
                            "$ref": "#/definitions/Seal"
                        },
                        "type": "array"
                    }
                },
                "required": [
                    "equipmentNumber"
                ]
            },
            "TransportMeans": {
                "type": "object",
                "properties": {
                    "identification": {
                        "description": "An identifier of this logistics means of transport, such as the International Maritime Organization number of a vessel.",
                        "type": "string"
                    },
                    "name": {
                        "description": "The name, expressed as text, of this logistics means of transport such as the vessel name.",
                        "type": "string"
                    }
                }
            },
            "TransportMovement": {
                "type": "object",
                "properties": {
                    "identification": {
                        "description": "To identify a journey of a means of transport, for example voyage number, flight number, trip number.",
                        "type": "string"
                    },
                    "usedTransportMeans": {
                        "$ref": "#/definitions/TransportMeans"
                    }
                }
            },
            "TransportPackage": {
                "type": "object",
                "properties": {
                    "quantity": {
                        "description": "The number of logistics packages at this level.",
                        "type": "number"
                    },
                    "type": {
                        "description": "A type, expressed as text, of this logistics package.",
                        "type": "string"
                    },
                    "typeCode": {
                        "description": "A code specifying the type of logistics package.",
                        "type": "string"
                    },
                    "shippingMarks": {
                        "items": {
                            "description": "Physical markings or labels on individual packages or transport units for shipping purposes.",
                            "type": "string"
                        },
                        "type": "array"
                    }
                }
            },
            "Volume": {
                "type": "object",
                "properties": {
                    "value": {
                        "description": "Numeric measurement value. ",
                        "type": "number"
                    },
                    "unit": {
                        "description": "Unit used for measurements. ",
                        "type": "string",
                        "enum": [
                            "cbm",
                            "cbf"
                        ]
                    }
                }
            },
            "Weight": {
                "type": "object",
                "properties": {
                    "value": {
                        "description": "Numeric weight value. ",
                        "type": "number"
                    },
                    "unit": {
                        "description": "Unit used for weight measurement.",
                        "type": "string",
                        "enum": [
                            "kgs",
                            "lbs"
                        ]
                    }
                }
            }
        }
    },
    "layout": [
        {
            "widget": "message",
            "message": "<h1>seaWaybill</h1>"
        },
        {
            "key": "shippedOnBoardDate"
        },
        {
            "key": "billOfLadingNumber",
            "required": true
        },
        {
            "key": "bookingNumber"
        },
        {
            "key": "originatorName"
        },
        {
            "key": "originatorId"
        },
        {
            "key": "issue"
        },
        {
            "key": "originalIssued"
        },
        {
            "key": "copyIssued"
        },
        {
            "key": "departureDate"
        },
        {
            "key": "serviceMode"
        },
        {
            "key": "transportEquipmentQuantity"
        }
    ]
}