{
    "schema": {
        "model": "ShippingInstructions",
        "type": "object",
        "properties": {
            "shippingInstructions": {
                "$ref": "#/definitions/ShippingInstructions"
            }
        },
        "definitions": {
            "Address": {
                "type": "object",
                "properties": {
                    "street": {
                        "description": "A name, expressed as text, of a street or thoroughfare.",
                        "type": "string"
                    },
                    "city": {
                        "description": "The name, expressed as text, of the city, town or village of this address.",
                        "type": "string"
                    },
                    "state": {
                        "description": "The name, expressed as text, of the state of this address.",
                        "type": "string"
                    },
                    "country": {
                        "description": "A unique country identifier for this party.",
                        "type": "string",
                        "enum": [
                            "AD",
                            "AE",
                            "AF",
                            "AG",
                            "AI",
                            "AL",
                            "AM",
                            "AO",
                            "AQ",
                            "AR",
                            "AS",
                            "AT",
                            "AU",
                            "AW",
                            "AX",
                            "AZ",
                            "BA",
                            "BB",
                            "BD",
                            "BE",
                            "BF",
                            "BG",
                            "BH",
                            "BI",
                            "BJ",
                            "BL",
                            "BM",
                            "BN",
                            "BO",
                            "BQ",
                            "BR",
                            "BS",
                            "BT",
                            "BV",
                            "BW",
                            "BY",
                            "BZ",
                            "CA",
                            "CC",
                            "CD",
                            "CF",
                            "CG",
                            "CH",
                            "CI",
                            "CK",
                            "CL",
                            "CM",
                            "CN",
                            "CO",
                            "CR",
                            "CU",
                            "CV",
                            "CW",
                            "CX",
                            "CY",
                            "CZ",
                            "DE",
                            "DJ",
                            "DK",
                            "DM",
                            "DO",
                            "DZ",
                            "EC",
                            "EE",
                            "EG",
                            "EH",
                            "ER",
                            "ES",
                            "ET",
                            "FI",
                            "FJ",
                            "FK",
                            "FM",
                            "FO",
                            "FR",
                            "GA",
                            "GB",
                            "GD",
                            "GE",
                            "GF",
                            "GG",
                            "GI",
                            "GL",
                            "GM",
                            "GN",
                            "GP",
                            "GQ",
                            "GR",
                            "GS",
                            "GT",
                            "GU",
                            "GW",
                            "GY",
                            "HK",
                            "HM",
                            "HN",
                            "HR",
                            "HT",
                            "HU",
                            "ID",
                            "IE",
                            "IL",
                            "IM",
                            "IN",
                            "IO",
                            "IQ",
                            "IR",
                            "IS",
                            "IT",
                            "JE",
                            "JM",
                            "JO",
                            "JP",
                            "KE",
                            "KG",
                            "KH",
                            "KI",
                            "KM",
                            "KN",
                            "KP",
                            "KR",
                            "KW",
                            "KY",
                            "KZ",
                            "LA",
                            "LB",
                            "LC",
                            "LI",
                            "LK",
                            "LR",
                            "LS",
                            "LT",
                            "LU",
                            "LV",
                            "LY",
                            "MA",
                            "MC",
                            "MD",
                            "ME",
                            "MF",
                            "MG",
                            "MH",
                            "MK",
                            "ML",
                            "MM",
                            "MN",
                            "MO",
                            "MP",
                            "MQ",
                            "MR",
                            "MS",
                            "MT",
                            "MU",
                            "MV",
                            "MW",
                            "MX",
                            "MY",
                            "MZ",
                            "NA",
                            "NC",
                            "NE",
                            "NF",
                            "NG",
                            "NI",
                            "NL",
                            "NO",
                            "NP",
                            "NR",
                            "NU",
                            "NZ",
                            "OM",
                            "PA",
                            "PE",
                            "PF",
                            "PG",
                            "PH",
                            "PK",
                            "PL",
                            "PM",
                            "PN",
                            "PR",
                            "PS",
                            "PT",
                            "PW",
                            "PY",
                            "QA",
                            "RE",
                            "RO",
                            "RS",
                            "RU",
                            "RW",
                            "SA",
                            "SB",
                            "SC",
                            "SD",
                            "SE",
                            "SG",
                            "SH",
                            "SI",
                            "SJ",
                            "SK",
                            "SL",
                            "SM",
                            "SN",
                            "SO",
                            "SR",
                            "SS",
                            "ST",
                            "SV",
                            "SX",
                            "SY",
                            "SZ",
                            "TC",
                            "TD",
                            "TF",
                            "TG",
                            "TH",
                            "TJ",
                            "TK",
                            "TL",
                            "TM",
                            "TN",
                            "TO",
                            "TR",
                            "TT",
                            "TV",
                            "TW",
                            "TZ",
                            "UA",
                            "UG",
                            "UM",
                            "US",
                            "UY",
                            "UZ",
                            "VA",
                            "VC",
                            "VE",
                            "VG",
                            "VI",
                            "VN",
                            "VU",
                            "WF",
                            "WS",
                            "YE",
                            "YT",
                            "ZA",
                            "ZM",
                            "ZW",
                            "OA",
                            "OB",
                            "OC",
                            "OD",
                            "OE",
                            "OF",
                            "OG",
                            "OZ"
                        ]
                    },
                    "postcode": {
                        "description": "A code specifying the postcode of the address.",
                        "type": "string"
                    }
                },
                "required": [
                    "street",
                    "city",
                    "state",
                    "country"
                ]
            },
            "Carrier": {
                "type": "object",
                "properties": {
                    "carrierCode": {
                        "description": "SCAC code.",
                        "type": "string"
                    },
                    "name": {
                        "description": "Carrier name. ",
                        "type": "string"
                    }
                },
                "required": [
                    "carrierCode",
                    "name"
                ]
            },
            "Charges": {
                "type": "object",
                "properties": {
                    "chargeText": {
                        "description": "A textual description of this logistics service charge.",
                        "type": "string"
                    },
                    "invoicePartyRef": {
                        "description": "Reference to the invoice party. ",
                        "type": "string"
                    }
                }
            },
            "Communication": {
                "type": "object",
                "properties": {
                    "telephone": {
                        "description": "Telephone number.",
                        "type": "string"
                    },
                    "fax": {
                        "description": "Fax number. ",
                        "type": "string"
                    },
                    "email": {
                        "description": "Email address.",
                        "type": "string"
                    },
                    "contactName": {
                        "description": "Name of contact person. ",
                        "type": "string"
                    }
                }
            },
            "Consignee": {
                "type": "object",
                "properties": {},
                "allOf": [
                    {
                        "$ref": "#/definitions/Party"
                    },
                    {
                        "type": "object"
                    }
                ]
            },
            "Consignment": {
                "type": "object",
                "properties": {
                    "departureDate": {
                        "description": "Date and time of departure. ",
                        "type": "string",
                        "format": "date-time"
                    },
                    "serviceMode": {
                        "description": "The scope of the consignment, such as CY-CY or SD-SD.",
                        "type": "string"
                    },
                    "transportEquipmentQuantity": {
                        "description": "A number of pieces of transport equipment, such as containers or similar unit load devices, in this consignment.",
                        "type": "number"
                    },
                    "carrier": {
                        "$ref": "#/definitions/Carrier"
                    },
                    "charges": {
                        "items": {
                            "$ref": "#/definitions/Charges"
                        },
                        "type": "array"
                    },
                    "consignee": {
                        "$ref": "#/definitions/Consignee"
                    },
                    "consignmentItems": {
                        "items": {
                            "$ref": "#/definitions/ConsignmentItem"
                        },
                        "type": "array",
                        "minItems": 1
                    },
                    "consignor": {
                        "$ref": "#/definitions/Consignor"
                    },
                    "customsBroker": {
                        "$ref": "#/definitions/CustomsBroker"
                    },
                    "freightForwarder": {
                        "$ref": "#/definitions/FreightForwarder"
                    },
                    "freightPayer": {
                        "$ref": "#/definitions/FreightPayer"
                    },
                    "grossVolume": {
                        "items": {
                            "$ref": "#/definitions/Volume"
                        },
                        "type": "array"
                    },
                    "grossWeight": {
                        "$ref": "#/definitions/Weight"
                    },
                    "mainCarriageTransportMovement": {
                        "items": {
                            "$ref": "#/definitions/TransportMovement"
                        },
                        "type": "array"
                    },
                    "notifyParties": {
                        "items": {
                            "$ref": "#/definitions/NotifyParty"
                        },
                        "type": "array"
                    },
                    "onCarriageTransportMovement": {
                        "items": {
                            "$ref": "#/definitions/TransportMovement"
                        },
                        "type": "array"
                    },
                    "placeOfDelivery": {
                        "$ref": "#/definitions/Location"
                    },
                    "placeOfPrecarriage": {
                        "$ref": "#/definitions/Location"
                    },
                    "placeOfReceipt": {
                        "$ref": "#/definitions/Location"
                    },
                    "portOfDischarge": {
                        "$ref": "#/definitions/Location"
                    },
                    "portOfLoading": {
                        "$ref": "#/definitions/Location"
                    },
                    "preCarriageMovement": {
                        "items": {
                            "$ref": "#/definitions/TransportMovement"
                        },
                        "type": "array"
                    },
                    "shipFromParty": {
                        "$ref": "#/definitions/ShipFromParty"
                    },
                    "shipToParty": {
                        "$ref": "#/definitions/ShipToParty"
                    },
                    "transportPackages": {
                        "$ref": "#/definitions/TransportPackage"
                    },
                    "utilizedTransportEquipment": {
                        "items": {
                            "$ref": "#/definitions/TransportEquipment"
                        },
                        "type": "array"
                    }
                },
                "required": [
                    "carrier",
                    "consignee",
                    "consignmentItems",
                    "consignor"
                ]
            },
            "ConsignmentItem": {
                "type": "object",
                "properties": {
                    "sequence": {
                        "description": "The sequence number for this consignment item.",
                        "type": "number"
                    },
                    "information": {
                        "description": "Information, expressed as text, for this consignment item.",
                        "type": "string"
                    },
                    "codeType": {
                        "description": "The cargo code type of consignment item. \nhttps://service.unece.org/trade/untdid/d00a/tred/tred7143.htm",
                        "type": "string",
                        "enum": [
                            "harmonizedSystem",
                            "stockKeepingUnit",
                            "purchaseOrder",
                            "cargoSpecificationNumber",
                            "vehicleIdentificationNumber"
                        ]
                    },
                    "codeValue": {
                        "description": "missing description",
                        "type": "string"
                    },
                    "applicableDangerousGoods": {
                        "$ref": "#/definitions/DangerousGoods"
                    },
                    "equipmentStuffing": {
                        "items": {
                            "$ref": "#/definitions/Stuffing"
                        },
                        "type": "array"
                    },
                    "grossVolume": {
                        "items": {
                            "$ref": "#/definitions/Volume"
                        },
                        "type": "array"
                    },
                    "grossWeight": {
                        "items": {
                            "$ref": "#/definitions/Weight"
                        },
                        "type": "array"
                    },
                    "transportPackages": {
                        "$ref": "#/definitions/TransportPackage"
                    }
                },
                "allOf": [
                    {
                        "$ref": "#/definitions/OutOfGauge"
                    },
                    {
                        "type": "object"
                    }
                ]
            },
            "Consignor": {
                "type": "object",
                "properties": {},
                "allOf": [
                    {
                        "$ref": "#/definitions/Party"
                    },
                    {
                        "type": "object"
                    }
                ]
            },
            "Contractor": {
                "type": "object",
                "properties": {},
                "allOf": [
                    {
                        "$ref": "#/definitions/Party"
                    },
                    {
                        "type": "object"
                    }
                ]
            },
            "CustomsBroker": {
                "type": "object",
                "properties": {},
                "allOf": [
                    {
                        "$ref": "#/definitions/Party"
                    },
                    {
                        "type": "object"
                    }
                ]
            },
            "DangerousGoods": {
                "type": "object",
                "properties": {
                    "UNDGIdentification": {
                        "description": "The code specifying the unique United Nations Dangerous Goods (UNDG) number assigned to the dangerous goods.",
                        "type": "string"
                    },
                    "hazardType": {
                        "description": "A code specifying the type of hazard for the dangerous goods.",
                        "type": "string"
                    },
                    "hazardClassification": {
                        "description": "A unique identifier for this hazard classification for the dangerous goods.",
                        "type": "string"
                    },
                    "hazardClassVersion": {
                        "description": "The unique identifier of the version of a hazard class for the dangerous goods.",
                        "type": "string"
                    },
                    "hazardInformation": {
                        "description": "Used to indicate Haz Mat Placard (explosive, flammable, etc.)",
                        "type": "string"
                    },
                    "ems": {
                        "description": "The unique transport emergency procedure (EMS) identifier applicable for the dangerous goods.",
                        "type": "string"
                    },
                    "information": {
                        "description": "Textual information for the dangerous goods.",
                        "type": "string"
                    },
                    "technicalName": {
                        "description": "A technical name, expressed as text, for the dangerous goods.",
                        "type": "string"
                    },
                    "marking": {
                        "description": "Marking, expressed as text, for these dangerous goods.",
                        "type": "string"
                    },
                    "regulationName": {
                        "description": "A name, expressed as text, for a regulation of the dangerous goods.",
                        "type": "string"
                    },
                    "packingInstructionType": {
                        "description": "A code specifying a type of packing instruction for the dangerous goods.",
                        "type": "string"
                    },
                    "emergencyContact": {
                        "$ref": "#/definitions/EmergencyContact"
                    },
                    "flashpointTemperatureMeasurement": {
                        "$ref": "#/definitions/FlashpointTemperature"
                    },
                    "grossVolume": {
                        "$ref": "#/definitions/Volume"
                    },
                    "grossWeight": {
                        "$ref": "#/definitions/Weight"
                    },
                    "handlingInstructions": {
                        "$ref": "#/definitions/HandlingInstructions"
                    },
                    "netWeight": {
                        "$ref": "#/definitions/Weight"
                    },
                    "radioactiveMaterial": {
                        "$ref": "#/definitions/RadioactiveMaterial"
                    }
                }
            },
            "Dimensions": {
                "type": "object",
                "properties": {
                    "width": {
                        "description": "missing description",
                        "type": "number"
                    },
                    "length": {
                        "description": "missing description",
                        "type": "number"
                    },
                    "height": {
                        "description": "missing description",
                        "type": "number"
                    },
                    "measurementUnit": {
                        "description": "missing description",
                        "type": "string",
                        "enum": [
                            "m",
                            "f"
                        ]
                    }
                }
            },
            "Document": {
                "type": "object",
                "properties": {
                    "originatorName": {
                        "description": "The proper name (human readable) of the entity that published this event.",
                        "type": "string"
                    },
                    "originatorId": {
                        "description": "The party identification code (i.e. SCAC) of the organization publishing the event.",
                        "type": "string"
                    },
                    "originalIssued": {
                        "description": "The number of originals issued for this document.",
                        "type": "number"
                    },
                    "copyIssued": {
                        "description": "The number of copies issued for this document.",
                        "type": "number"
                    },
                    "original": {
                        "$ref": "#/definitions/Location"
                    },
                    "placeOfIssue": {
                        "$ref": "#/definitions/Location"
                    },
                    "references": {
                        "items": {
                            "$ref": "#/definitions/Reference"
                        },
                        "type": "array"
                    }
                }
            },
            "EmergencyContact": {
                "type": "object",
                "properties": {}
            },
            "EquipmentSupplier": {
                "type": "object",
                "properties": {},
                "allOf": [
                    {
                        "$ref": "#/definitions/Party"
                    },
                    {
                        "type": "object"
                    }
                ]
            },
            "FlashpointTemperature": {
                "type": "object",
                "properties": {
                    "actual": {
                        "description": "An actual measure for this measurement.",
                        "type": "number"
                    },
                    "code": {
                        "description": "A code specifying a type of measurement.",
                        "type": "string",
                        "enum": [
                            "c",
                            "f"
                        ]
                    }
                }
            },
            "FreightForwarder": {
                "type": "object",
                "properties": {},
                "allOf": [
                    {
                        "$ref": "#/definitions/Party"
                    },
                    {
                        "type": "object"
                    }
                ]
            },
            "FreightPayer": {
                "type": "object",
                "properties": {},
                "allOf": [
                    {
                        "$ref": "#/definitions/Party"
                    },
                    {
                        "type": "object"
                    }
                ]
            },
            "HandlingInstructions": {
                "type": "object",
                "properties": {
                    "description": {
                        "description": "A textual description of this set of instructions.",
                        "type": "string"
                    }
                }
            },
            "Location": {
                "type": "object",
                "properties": {
                    "name": {
                        "description": "A name, expressed as text, of this logistics related location.",
                        "type": "string"
                    },
                    "UNLocode": {
                        "description": "United Nations Location Code (UNLOCODE) unique identifier for logistics related location. ",
                        "type": "string"
                    },
                    "printedLocation": {
                        "description": "The location exactly as printed on the document.",
                        "type": "string"
                    }
                }
            },
            "NotifyParty": {
                "type": "object",
                "properties": {},
                "allOf": [
                    {
                        "$ref": "#/definitions/Party"
                    },
                    {
                        "type": "object"
                    }
                ]
            },
            "OutOfGauge": {
                "type": "object",
                "properties": {
                    "outOfGauge": {
                        "description": "missing description",
                        "type": "boolean"
                    },
                    "dimensions": {
                        "$ref": "#/definitions/Dimensions"
                    }
                }
            },
            "Party": {
                "type": "object",
                "properties": {
                    "name": {
                        "description": "A name, expressed as text, for this party.",
                        "type": "string"
                    },
                    "printedParty": {
                        "description": "The party name and address exactly as printed on the document.",
                        "type": "string"
                    },
                    "registeredForVAT": {
                        "description": "VAT registration indicator. ",
                        "type": "boolean"
                    },
                    "taxReference": {
                        "description": "Tax identification of the party.",
                        "type": "string"
                    },
                    "partyRef": {
                        "description": "Reference which represents the party.",
                        "type": "string"
                    },
                    "organizationId": {
                        "description": "Unique identifier of the party. ",
                        "type": "string"
                    },
                    "address": {
                        "$ref": "#/definitions/Address"
                    },
                    "communicationDetails": {
                        "$ref": "#/definitions/Communication"
                    }
                }
            },
            "RadioactiveMaterial": {
                "type": "object",
                "properties": {
                    "name": {
                        "description": "missing description",
                        "type": "string"
                    },
                    "compositionDescription": {
                        "description": "A textual description of the composition of this material.",
                        "type": "string"
                    },
                    "information": {
                        "description": "Information, expressed as text, for this material.",
                        "type": "string"
                    },
                    "index": {
                        "description": "missing description",
                        "type": "number"
                    }
                }
            },
            "ReeferSetting": {
                "type": "object",
                "properties": {
                    "value": {
                        "description": "A measure of the value of the reefer setting such as a minimum temperature value of ten degrees Celsius.",
                        "type": "number"
                    },
                    "type": {
                        "description": "The code specifying the type of reefer setting.",
                        "type": "string",
                        "enum": [
                            "temperature",
                            "carbon",
                            "oxygen",
                            "nitrogen",
                            "airFlow"
                        ]
                    },
                    "unit": {
                        "description": "Unit used for measureing the reefer setting.",
                        "type": "string"
                    },
                    "instructions": {
                        "description": "Specific instructions pertaining to the reefer setting.",
                        "type": "string"
                    }
                }
            },
            "Reference": {
                "type": "object",
                "properties": {
                    "type": {
                        "description": "Type of reference. ",
                        "type": "string",
                        "enum": [
                            "proformaInvoiceNumber",
                            "deliveryScheduleNumber",
                            "consigneeShipmentReferenceNumber",
                            "despatchNoteNumber",
                            "customsTariffNumber",
                            "customsDecisionRequestNumber",
                            "subHouseBillOfLadingNumber",
                            "customsGuaranteeNumber",
                            "sellersCatalogueNumber",
                            "declarantsCustomsIdentityNumber",
                            "importerReferenceNumber",
                            "customsDeclarationNumber",
                            "stockKeepingUnitNumber",
                            "adviceOfCollectionNumber",
                            "railwayWagonNumber",
                            "buyersItemNumber",
                            "customsHouseBrokerReferenceNumber",
                            "reportNumber",
                            "traderAccountNumber",
                            "governmentAgencyReferenceNumber",
                            "regristrationNumberOfPreviousCustomsDeclaration",
                            "productReservationNumber",
                            "customsItemNumber",
                            "tariffNumber",
                            "replenishmentPurchaceOrderNumber",
                            "contractPartyReferenceNumber",
                            "agentsReferenceNumber",
                            "deliveryVerificationCertificate",
                            "customsReleaseCode",
                            "complianceCodeNumber",
                            "ministerialCertificateOfHomologation",
                            "banksCommonTransactionReferenceNumber",
                            "customsTranshipmentNumber",
                            "vehicleIdentificationNumber",
                            "replenishmentPurchaseOrderRangeStartNumber",
                            "consigneesInvoiceNumber",
                            "replenishmentPurchaseOrderRangeEndNumber",
                            "buyersCatalogueNumber",
                            "inlandTransportOrderNumber",
                            "consigneesReference",
                            "usCustomsServiceEntryCode",
                            "transportEquipmentReleaseOrderReference",
                            "importersLetterOfCreditReference",
                            "customsBindingRulingNumber",
                            "customsNonBindingRulingNumber",
                            "uniqueGoodsShipmentIdentifier",
                            "rateCodeNumber",
                            "airWaybillNumber",
                            "buyersContractNumber",
                            "houseBillOfLadingNumber",
                            "billOfLadingNumber",
                            "bookingReferenceNumber",
                            "consigneesOrderNumber",
                            "carriersReferenceNumber",
                            "contractNumber",
                            "buyersDebtorNumber",
                            "exportDeclaration",
                            "exportPermitNumber",
                            "containerEquipmentReceiptNumber",
                            "exportersReferenceNumber",
                            "exportLicenceNumber",
                            "freightForwardersReferenceNumber",
                            "governmentReferenceNumber",
                            "harmonizedSystemNumber",
                            "houseWaybillNumber",
                            "inBondNumber",
                            "iataCargoAgentCodeNumber",
                            "importLicenceNumber",
                            "invoiceNumber",
                            "letterOfCreditNumber",
                            "shipNoticeManifestNumber",
                            "masterBillOfLadingNumber",
                            "manufacturersPartNumber",
                            "manufacturersOrderNumber",
                            "masterAirWaybillNumber",
                            "northAmericanHazardousGoodsClassificationNumber",
                            "purchaseOrderNumber",
                            "generalReferenceNumber",
                            "pickupReferenceNumber",
                            "plantNumber",
                            "packingListNumber",
                            "purchaseOrderResponseNumber",
                            "purchaseOrderChangeNumber",
                            "paymentReference",
                            "priceQuoteNumber",
                            "shippersIdentifyingNumberForShipment",
                            "sealNumber",
                            "shipmentReferenceNumber",
                            "sellersReferenceNumber",
                            "truckersBillOfLading",
                            "transactionReferenceNumber",
                            "orderNumber",
                            "warehouseEntryNumber",
                            "warehouseReceiptNumber",
                            "warehouseStorageLocationNumber",
                            "cargoControlNumber",
                            "previousCargoControlNumber",
                            "mutuallyDefinedReferenceNumber",
                            "billOfLadingReference"
                        ]
                    },
                    "value": {
                        "description": "Reference value. ",
                        "type": "string"
                    }
                }
            },
            "RequestParty": {
                "type": "object",
                "properties": {},
                "allOf": [
                    {
                        "$ref": "#/definitions/Party"
                    },
                    {
                        "type": "object"
                    }
                ]
            },
            "Seal": {
                "type": "object",
                "properties": {
                    "type": {
                        "description": "Description specifying the type of logistics seal.",
                        "type": "string"
                    },
                    "identifier": {
                        "description": "A unique identifier for this logistics seal.",
                        "type": "string"
                    },
                    "sealingParty": {
                        "$ref": "#/definitions/SealingParty"
                    }
                }
            },
            "SealingParty": {
                "type": "object",
                "properties": {},
                "allOf": [
                    {
                        "$ref": "#/definitions/Party"
                    },
                    {
                        "type": "object"
                    }
                ]
            },
            "Sender": {
                "type": "object",
                "properties": {},
                "allOf": [
                    {
                        "$ref": "#/definitions/Party"
                    },
                    {
                        "type": "object"
                    }
                ]
            },
            "ShipFromParty": {
                "type": "object",
                "properties": {},
                "allOf": [
                    {
                        "$ref": "#/definitions/Party"
                    },
                    {
                        "type": "object"
                    }
                ]
            },
            "ShippingInstructions": {
                "type": "object",
                "properties": {
                    "transportDocumentType": {
                        "description": "Requested type of transport document.",
                        "type": "string",
                        "enum": [
                            "billOfLading",
                            "seaWaybill"
                        ]
                    },
                    "bookingNumber": {
                        "items": {
                            "description": "Booking number(s). ",
                            "type": "string"
                        },
                        "type": "array",
                        "minItems": 1
                    },
                    "revisionVersion": {
                        "description": "Element to identify the revision number if the message is an amendment.",
                        "type": "string"
                    },
                    "requestDateIssuanceOfBL": {
                        "description": "Request date for Issuance of Bill of Lading.",
                        "type": "string",
                        "format": "date"
                    },
                    "referenceTransaction": {
                        "description": "Transaction reference number",
                        "type": "string"
                    },
                    "letterOfCreditIssuanceDate": {
                        "description": "Issuance date of Letter of Credit.",
                        "type": "string",
                        "format": "date"
                    },
                    "letterOfCreditExpiryDate": {
                        "description": "Expiration date of Letter of Credit.",
                        "type": "string",
                        "format": "date"
                    },
                    "exportLicenseIssuanceDate": {
                        "description": "Issuance date of Export License.",
                        "type": "string",
                        "format": "date"
                    },
                    "exportLicenseExpiryDate": {
                        "description": "Expiration date of Export License.",
                        "type": "string",
                        "format": "date"
                    },
                    "customsReleaseInstruction": {
                        "description": "Customs clearance instructions.",
                        "type": "string"
                    },
                    "manifestFilingStatus": {
                        "description": "Manifest filing status.",
                        "type": "string"
                    },
                    "eBL": {
                        "description": "Indication of this being a request for an electronic bill of lading.",
                        "type": "boolean"
                    },
                    "messageFunctionCode": {
                        "description": "Element to identify function of the message.",
                        "type": "string"
                    },
                    "RequestParty": {
                        "$ref": "#/definitions/RequestParty"
                    },
                    "contractor": {
                        "$ref": "#/definitions/Contractor"
                    },
                    "documentSender": {
                        "$ref": "#/definitions/Sender"
                    },
                    "information": {
                        "items": {
                            "$ref": "#/definitions/TransportDocumentInformation"
                        },
                        "type": "array"
                    }
                },
                "allOf": [
                    {
                        "$ref": "#/definitions/Document"
                    },
                    {
                        "type": "object"
                    },
                    {
                        "$ref": "#/definitions/Consignment"
                    },
                    {
                        "type": "object"
                    }
                ],
                "required": [
                    "bookingNumber",
                    "RequestParty"
                ]
            },
            "ShipToParty": {
                "type": "object",
                "properties": {},
                "allOf": [
                    {
                        "$ref": "#/definitions/Party"
                    },
                    {
                        "type": "object"
                    }
                ]
            },
            "Stuffing": {
                "type": "object",
                "properties": {
                    "equipmentNumber": {
                        "description": "Unique identifier of the transport equipment in which cargo is stuffed. ",
                        "type": "string"
                    },
                    "stuffedGrossVolume": {
                        "items": {
                            "$ref": "#/definitions/Volume"
                        },
                        "type": "array"
                    },
                    "stuffedGrossWeight": {
                        "items": {
                            "$ref": "#/definitions/Weight"
                        },
                        "type": "array"
                    },
                    "stuffedTransportPackages": {
                        "items": {
                            "$ref": "#/definitions/TransportPackage"
                        },
                        "type": "array"
                    }
                }
            },
            "TransportDocumentInformation": {
                "type": "object",
                "properties": {
                    "text": {
                        "description": "Textual transport document information. ",
                        "type": "string"
                    },
                    "type": {
                        "description": "Type of transport document information. ",
                        "type": "string",
                        "enum": [
                            "generalInformation",
                            "billOfLadingRemarks",
                            "termsAndConditions",
                            "billOfLadingClause",
                            "transportDocumentRemarks",
                            "specialRoutingInstructions"
                        ]
                    }
                }
            },
            "TransportEquipment": {
                "type": "object",
                "properties": {
                    "equipmentNumber": {
                        "description": "Unique identifier for this piece of transport equipment, printed physically on the equipment.",
                        "type": "string"
                    },
                    "equipmentType": {
                        "description": "ISO 6346 size and type code (for example \"45G1\")",
                        "type": "string"
                    },
                    "printedEquipmentType": {
                        "description": "The container size and type, as printed on the transport document (for example \"40 DRY 9''6\").",
                        "type": "string"
                    },
                    "code": {
                        "items": {
                            "description": "The harmonized system code specifying a type of loaded consignment item(s).",
                            "type": "string"
                        },
                        "type": "array"
                    },
                    "usedCapacity": {
                        "description": "The code specifying the used capacity of this piece of transport equipment, such as full or empty.",
                        "type": "string",
                        "enum": [
                            "full",
                            "empty"
                        ]
                    },
                    "movementType": {
                        "description": "Code specifying a type of movement.",
                        "type": "string",
                        "enum": [
                            "fcl",
                            "lcl"
                        ]
                    },
                    "haulageArrangements": {
                        "description": "Specification of the type of equipment haulage arrangements.",
                        "type": "string"
                    },
                    "equipmentSupplierIndicator": {
                        "description": "This element indicates the party that is the supplier of the equipment.",
                        "type": "string",
                        "enum": [
                            "carrierSupplied",
                            "shipperSupplied"
                        ]
                    },
                    "equipmentReeferSetting": {
                        "items": {
                            "$ref": "#/definitions/ReeferSetting"
                        },
                        "type": "array"
                    },
                    "equipmentSupplier": {
                        "$ref": "#/definitions/EquipmentSupplier"
                    },
                    "equipmentTareWeight": {
                        "$ref": "#/definitions/Weight"
                    },
                    "seals": {
                        "items": {
                            "$ref": "#/definitions/Seal"
                        },
                        "type": "array"
                    },
                    "verifiedEquipmentGrossWeight": {
                        "$ref": "#/definitions/VerifiedWeight"
                    }
                },
                "required": [
                    "equipmentNumber"
                ]
            },
            "TransportMeans": {
                "type": "object",
                "properties": {
                    "identification": {
                        "description": "An identifier of this logistics means of transport, such as the International Maritime Organization number of a vessel.",
                        "type": "string"
                    },
                    "name": {
                        "description": "The name, expressed as text, of this logistics means of transport such as the vessel name.",
                        "type": "string"
                    }
                }
            },
            "TransportMovement": {
                "type": "object",
                "properties": {
                    "identification": {
                        "description": "To identify a journey of a means of transport, for example voyage number, flight number, trip number.",
                        "type": "string"
                    },
                    "usedTransportMeans": {
                        "$ref": "#/definitions/TransportMeans"
                    }
                }
            },
            "TransportPackage": {
                "type": "object",
                "properties": {
                    "quantity": {
                        "description": "The number of logistics packages at this level.",
                        "type": "number"
                    },
                    "type": {
                        "description": "A type, expressed as text, of this logistics package.",
                        "type": "string"
                    },
                    "typeCode": {
                        "description": "A code specifying the type of logistics package.",
                        "type": "string"
                    },
                    "shippingMarks": {
                        "items": {
                            "description": "Physical markings or labels on individual packages or transport units for shipping purposes.",
                            "type": "string"
                        },
                        "type": "array"
                    }
                }
            },
            "VerifiedWeight": {
                "type": "object",
                "properties": {
                    "weightVerificationMethod": {
                        "description": "Weight verification method. ",
                        "type": "string"
                    },
                    "weightVerifier": {
                        "$ref": "#/definitions/WeightVerifier"
                    }
                },
                "allOf": [
                    {
                        "$ref": "#/definitions/Weight"
                    },
                    {
                        "type": "object"
                    }
                ]
            },
            "Volume": {
                "type": "object",
                "properties": {
                    "value": {
                        "description": "Numeric measurement value. ",
                        "type": "number"
                    },
                    "unit": {
                        "description": "Unit used for measurements. ",
                        "type": "string",
                        "enum": [
                            "cbm",
                            "cbf"
                        ]
                    }
                }
            },
            "Weight": {
                "type": "object",
                "properties": {
                    "value": {
                        "description": "Numeric weight value. ",
                        "type": "number"
                    },
                    "unit": {
                        "description": "Unit used for weight measurement.",
                        "type": "string",
                        "enum": [
                            "kgs",
                            "lbs"
                        ]
                    }
                }
            },
            "WeightVerifier": {
                "type": "object",
                "properties": {},
                "allOf": [
                    {
                        "$ref": "#/definitions/Party"
                    },
                    {
                        "type": "object"
                    }
                ]
            }
        }
    },
    "layout": [
        {
            "widget": "message",
            "message": "<h1>shippingInstructions</h1>"
        },
        {
            "key": "transportDocumentType",
            "type": "array",
            "items": [
                {
                    "key": "billOfLading"
                },
                {
                    "key": "seaWaybill"
                }
            ]
        },
        {
            "key": "bookingNumber",
            "required": true
        },
        {
            "key": "revisionVersion"
        },
        {
            "key": "requestDateIssuanceOfBL"
        },
        {
            "key": "referenceTransaction"
        },
        {
            "key": "letterOfCreditIssuanceDate"
        },
        {
            "key": "letterOfCreditExpiryDate"
        },
        {
            "key": "exportLicenseIssuanceDate"
        },
        {
            "key": "exportLicenseExpiryDate"
        },
        {
            "key": "customsReleaseInstruction"
        },
        {
            "key": "manifestFilingStatus"
        },
        {
            "key": "eBL"
        },
        {
            "key": "messageFunctionCode"
        },
        {
            "key": "revisionVersion"
        },
        {
            "key": "originatorName"
        },
        {
            "key": "originatorId"
        },
        {
            "key": "originalIssued"
        },
        {
            "key": "copyIssued"
        },
        {
            "key": "departureDate"
        },
        {
            "key": "serviceMode"
        },
        {
            "key": "transportEquipmentQuantity"
        }
    ]
}